Time  (s),Displacement  (m),Velocity (m/s),Acceleration  (m/s²),Car Mass  (kg),Momentum  (kg•m/s),Force (N),Potential Energy  (J),Kinetic Energy  (J),Sample ID
0,0,0,0,,,,,,
0.4298,0.0019,0.0257,0,0.6,0.0154,,0,0.0002,
0.4703,0.0038,0.0993,2.9783,0.6,0.0596,1.787,0.0001,0.003,
0.4947,0.0075,0.2003,4.1526,0.6,0.1202,2.4916,0.0004,0.012,
0.5176,0.0132,0.2957,4.0875,0.6,0.1774,2.4525,0.0009,0.0262,
0.5395,0.0207,0.3835,3.9543,0.6,0.2301,2.3726,0.0017,0.0441,
0.5574,0.0283,0.4533,3.8651,0.6,0.272,2.3191,0.003,0.0616,
0.5769,0.0377,0.528,3.6545,0.6,0.3168,2.1927,0.0055,0.0836,
0.5999,0.0509,0.608,3.6567,0.6,0.3648,2.194,0.0082,0.1109,
0.6175,0.0622,0.6755,3.6124,0.6,0.4053,2.1675,0.0126,0.1369,
0.6388,0.0773,0.7477,3.3667,0.6,0.4486,2.02,0.0181,0.1677,
0.658,0.0924,0.8119,3.1719,0.6,0.4872,1.9031,0.0253,0.1978,
0.6783,0.1094,0.8728,3.2754,0.6,0.5237,1.9652,0.0348,0.2285,
0.699,0.1282,0.9463,3.3587,0.6,0.5678,2.0152,0.0457,0.2686,
0.7182,0.1471,1.0071,2.9142,0.6,0.6043,1.7485,0.0595,0.3043,
0.7383,0.1678,1.0606,2.6025,0.6,0.6364,1.5615,0.0766,0.3375,
0.7591,0.1905,1.1135,2.5028,0.6,0.6681,1.5017,0.0958,0.372,
0.779,0.2131,1.1625,2.5418,0.6,0.6975,1.5251,0.1191,0.4054,
0.7996,0.2376,1.2165,2.4807,0.6,0.7299,1.4884,0.1449,0.444,
0.8193,0.2621,1.2626,2.1773,0.6,0.7576,1.3064,0.1754,0.4783,
0.8399,0.2885,1.3041,1.5726,0.6,0.7825,0.9436,0.2089,0.5102,
0.8598,0.3149,1.3266,1.0854,0.6,0.796,0.6513,0.2452,0.528,
0.8797,0.3413,1.3473,1.1289,0.6,0.8084,0.6773,0.2843,0.5445,
0.899,0.3677,1.3708,0.8709,0.6,0.8225,0.5226,0.3294,0.5638,
0.9196,0.396,1.3816,0.7121,0.6,0.829,0.4273,0.3745,0.5727,
0.9386,0.4224,1.3987,0.5943,0.6,0.8392,0.3566,0.4259,0.5869,
0.9587,0.4507,1.4045,-0.1131,0.6,0.8427,-0.0679,0.4805,0.5918,
0.9789,0.479,1.3941,-0.2329,0.6,0.8365,-0.1397,0.5382,0.5831,
0.9993,0.5073,1.3951,0.2832,0.6,0.8371,0.1699,0.5992,0.5839,
1.0194,0.5355,1.4055,0.0622,0.6,0.8433,0.0373,0.6632,0.5926,
1.0395,0.5638,1.3976,-0.6009,0.6,0.8386,-0.3606,0.7304,0.586,
1.0599,0.5921,1.3811,-0.7508,0.6,0.8287,-0.4505,0.7959,0.5723,
1.0791,0.6185,1.3678,-0.8464,0.6,0.8207,-0.5078,0.869,0.5613,
1.0999,0.6468,1.347,-1.0126,0.6,0.8082,-0.6076,0.94,0.5443,
1.1197,0.6732,1.3267,-1.0626,0.6,0.796,-0.6376,1.0136,0.528,
1.1397,0.6996,1.3047,-1.5316,0.6,0.7828,-0.9189,1.0842,0.5107,
1.1587,0.7241,1.2674,-2.0122,0.6,0.7604,-1.2073,1.1627,0.4819,
1.1799,0.7505,1.2237,-1.8631,0.6,0.7342,-1.1179,1.232,0.4492,
1.1987,0.7731,1.1924,-1.6305,0.6,0.7154,-0.9783,1.3092,0.4266,
1.2195,0.7977,1.1592,-1.9689,0.6,0.6955,-1.1814,1.3824,0.4031,
1.2394,0.8203,1.1126,-2.363,0.6,0.6675,-1.4178,1.451,0.3713,
1.2584,0.841,1.0673,-2.5539,0.6,0.6404,-1.5323,1.5211,0.3418,
1.2783,0.8618,1.0131,-2.7149,0.6,0.6079,-1.6289,1.5927,0.3079,
1.2994,0.8825,0.956,-2.4787,0.6,0.5736,-1.4872,1.6591,0.2742,
1.3197,0.9014,0.9103,-2.5177,0.6,0.5462,-1.5106,1.7198,0.2486,
1.3387,0.9183,0.8574,-2.9334,0.6,0.5144,-1.76,1.7816,0.2205,
1.3593,0.9353,0.7939,-3.1423,0.6,0.4764,-1.8854,1.8372,0.1891,
1.3791,0.9504,0.7305,-3.2121,0.6,0.4383,-1.9273,1.8865,0.1601,
1.398,0.9636,0.6696,-3.264,0.6,0.4018,-1.9584,1.9364,0.1345,
1.4186,0.9768,0.6015,-3.4365,0.6,0.3609,-2.0619,1.9796,0.1085,
1.4387,0.9881,0.5298,-3.5719,0.6,0.3179,-2.1432,2.0159,0.0842,
1.4576,0.9975,0.4622,-3.8979,0.6,0.2773,-2.3387,2.0452,0.0641,
1.4754,1.0051,0.3871,-4.1327,0.6,0.2323,-2.4796,2.0746,0.045,
1.497,1.0126,0.2997,-3.5276,0.6,0.1798,-2.1165,2.0968,0.0269,
1.5196,1.0183,0.2317,-4.3878,0.6,0.139,-2.6327,2.1042,0.0161,
1.5286,1.0202,0.1798,-7.9615,0.6,0.1079,-4.7769,2.1117,0.0097,
1.5414,1.0221,0.0498,-6.1977,0.6,0.0299,-3.7186,2.0968,0.0007,
1.6192,1.0183,-0.1244,-4.1248,0.6,-0.0747,-2.4749,2.082,0.0046,
1.6382,1.0145,-0.2386,-4.681,0.6,-0.1432,-2.8086,2.0599,0.0171,
1.6584,1.0089,-0.3063,-3.661,0.6,-0.1838,-2.1966,2.0379,0.0281,
1.6754,1.0032,-0.3738,-3.6783,0.6,-0.2243,-2.207,2.0014,0.0419,
1.6982,0.9938,-0.451,-3.6234,0.6,-0.2706,-2.174,1.9652,0.061,
1.7176,0.9843,-0.5259,-3.5846,0.6,-0.3156,-2.1508,1.9221,0.083,
1.7377,0.973,-0.5924,-3.1755,0.6,-0.3554,-1.9053,1.8724,0.1053,
1.7589,0.9598,-0.6569,-3.1547,0.6,-0.3941,-1.8928,1.8232,0.1294,
1.778,0.9466,-0.7193,-2.9454,0.6,-0.4316,-1.7672,1.7678,0.1552,
1.7982,0.9315,-0.7723,-2.5713,0.6,-0.4634,-1.5428,1.7063,0.179,
1.8194,0.9146,-0.8257,-2.6665,0.6,-0.4954,-1.5999,1.6457,0.2045,
1.8393,0.8976,-0.8817,-2.6798,0.6,-0.529,-1.6079,1.5861,0.2332,
1.858,0.8806,-0.9293,-2.3759,0.6,-0.5576,-1.4256,1.5147,0.2591,
1.8798,0.8599,-0.9774,-2.3798,0.6,-0.5865,-1.4279,1.451,0.2866,
1.8986,0.841,-1.0254,-2.3675,0.6,-0.6152,-1.4205,1.3824,0.3154,
1.9184,0.8203,-1.0686,-2.1054,0.6,-0.6412,-1.2632,1.3092,0.3426,
1.9391,0.7977,-1.1106,-1.8503,0.6,-0.6663,-1.1102,1.2379,0.37,
1.9592,0.775,-1.1442,-1.7538,0.6,-0.6865,-1.0523,1.1684,0.3927,
1.9787,0.7524,-1.18,-2.1116,0.6,-0.708,-1.2669,1.0953,0.4177,
1.9991,0.7279,-1.2287,-2.3064,0.6,-0.7372,-1.3839,1.0243,0.4529,
2.0186,0.7034,-1.2721,-1.6494,0.6,-0.7633,-0.9896,0.9503,0.4855,
2.0391,0.677,-1.2941,-0.773,0.6,-0.7765,-0.4638,0.879,0.5024,
2.0594,0.6506,-1.3037,-0.3157,0.6,-0.7822,-0.1894,0.8103,0.5099,
2.0796,0.6242,-1.3069,-0.6609,0.6,-0.7842,-0.3965,0.7442,0.5124,
2.0998,0.5978,-1.3304,-1.3637,0.6,-0.7982,-0.8182,0.6808,0.531,
2.1193,0.5714,-1.3609,-0.4556,0.6,-0.8165,-0.2734,0.6202,0.5556,
2.1386,0.545,-1.3483,1.2466,0.6,-0.809,0.748,0.5582,0.5453,
2.1599,0.5167,-1.3091,1.7833,0.6,-0.7854,1.07,0.507,0.5141,
2.1789,0.4922,-1.2763,0.8632,0.6,-0.7658,0.5179,0.4546,0.4887,
2.1998,0.4658,-1.2763,-0.5763,0.6,-0.7658,-0.3458,0.4084,0.4887,
2.2188,0.4413,-1.2982,-0.0714,0.6,-0.7789,-0.0428,0.3613,0.5056,
2.239,0.4149,-1.2778,1.9973,0.6,-0.7667,1.1984,0.3202,0.4899,
2.2587,0.3903,-1.219,2.6526,0.6,-0.7314,1.5915,0.2814,0.4458,
2.2793,0.3658,-1.1712,1.8439,0.6,-0.7027,1.1063,0.2479,0.4115,
2.2989,0.3432,-1.1444,0.6937,0.6,-0.6866,0.4162,0.2164,0.3929,
2.3188,0.3206,-1.144,0.2943,0.6,-0.6864,0.1766,0.187,0.3926,
2.3385,0.2979,-1.1328,1.4025,0.6,-0.6797,0.8415,0.1598,0.385,
2.3588,0.2753,-1.0874,2.631,0.6,-0.6525,1.5786,0.1367,0.3547,
2.3783,0.2546,-1.0284,3.0774,0.6,-0.617,1.8464,0.1154,0.3173,
2.3992,0.2338,-0.963,2.7502,0.6,-0.5778,1.6501,0.0976,0.2782,
2.4194,0.215,-0.9151,2.1962,0.6,-0.549,1.3177,0.0828,0.2512,
2.4383,0.198,-0.8769,2.0558,0.6,-0.5261,1.2335,0.0692,0.2307,
2.4582,0.181,-0.8353,2.1515,0.6,-0.5012,1.2909,0.0569,0.2093,
2.4789,0.1641,-0.7895,2.4522,0.6,-0.4737,1.4713,0.0469,0.187,
2.4987,0.149,-0.7362,2.9427,0.6,-0.4417,1.7656,0.039,0.1626,
2.5173,0.1358,-0.6768,3.1846,0.6,-0.4061,1.9107,0.0318,0.1374,
2.5378,0.1226,-0.6117,3.2596,0.6,-0.367,1.9558,0.0262,0.1123,
2.5573,0.1113,-0.5465,3.2574,0.6,-0.3279,1.9544,0.0211,0.0896,
2.5795,0.0999,-0.4761,3.6382,0.6,-0.2856,2.1829,0.0181,0.068,
2.5966,0.0924,-0.4059,3.8163,0.6,-0.2435,2.2898,0.0152,0.0494,
2.6167,0.0849,-0.335,3.3887,0.6,-0.201,2.0332,0.0133,0.0337,
2.6359,0.0792,-0.2726,3.5694,0.6,-0.1636,2.1417,0.012,0.0223,
2.6512,0.0754,-0.2131,3.519,0.6,-0.1279,2.1114,0.0109,0.0136,
2.672,0.0717,-0.1476,4.8986,0.6,-0.0886,2.9392,0.0103,0.0065,
2.6882,0.0698,-0.0399,4.412,0.6,-0.0239,2.6472,0.0109,0.0005,
2.7388,0.0717,0.0702,2.9422,0.6,0.0421,1.7653,0.0114,0.0015,
2.7563,0.0735,0.1351,3.2287,0.6,0.0811,1.9372,0.0126,0.0055,
2.779,0.0773,0.1975,2.8774,0.6,0.1185,1.7265,0.0139,0.0117,
2.7957,0.0811,0.2477,2.8953,0.6,0.1486,1.7372,0.0159,0.0184,
2.8166,0.0867,0.3059,2.924,0.6,0.1836,1.7544,0.0188,0.0281,
2.8387,0.0943,0.3736,3.0774,0.6,0.2241,1.8464,0.0219,0.0419,
2.8573,0.1018,0.4311,2.8114,0.6,0.2586,1.6868,0.0262,0.0557,
2.878,0.1113,0.4835,2.7198,0.6,0.2901,1.6319,0.0308,0.0701,
2.8965,0.1207,0.5373,2.6279,0.6,0.3224,1.5767,0.0379,0.0866,
2.9198,0.1339,0.592,2.5427,0.6,0.3552,1.5256,0.0446,0.1051,
2.9381,0.1452,0.6421,2.6088,0.6,0.3852,1.5653,0.053,0.1237,
2.9579,0.1584,0.6912,2.4224,0.6,0.4147,1.4534,0.0636,0.1433,
2.979,0.1735,0.7411,2.2637,0.6,0.4446,1.3582,0.0751,0.1648,
2.9987,0.1886,0.7837,2.022,0.6,0.4702,1.2132,0.0892,0.1843,
3.0198,0.2055,0.8234,2.2243,0.6,0.494,1.3346,0.1045,0.2034,
3.0399,0.2225,0.875,2.3527,0.6,0.525,1.4116,0.121,0.2297,
3.0587,0.2395,0.9152,1.9312,0.6,0.5491,1.1587,0.1408,0.2513,
3.079,0.2583,0.9502,1.875,0.6,0.5701,1.125,0.162,0.2708,
3.0984,0.2772,0.9895,1.8114,0.6,0.5937,1.0869,0.187,0.2938,
3.119,0.2979,1.0224,1.306,0.6,0.6135,0.7836,0.2139,0.3136,
3.139,0.3187,1.0427,0.9595,0.6,0.6256,0.5757,0.2425,0.3262,
3.1588,0.3394,1.0606,0.9757,0.6,0.6364,0.5854,0.2757,0.3375,
3.1799,0.3621,1.0827,0.9447,0.6,0.6496,0.5668,0.308,0.3516,
3.1989,0.3828,1.0987,0.9088,0.6,0.6592,0.5453,0.3452,0.3621,
3.2193,0.4054,1.1186,0.6246,0.6,0.6712,0.3747,0.3845,0.3754,
3.2394,0.4281,1.1241,-0.2865,0.6,0.6744,-0.1719,0.4259,0.3791,
3.2596,0.4507,1.107,-0.6455,0.6,0.6642,-0.3873,0.4656,0.3677,
3.2785,0.4714,1.0986,-0.2004,0.6,0.6592,-0.1202,0.5109,0.3621,
3.2991,0.4941,1.0995,-0.0583,0.6,0.6597,-0.035,0.5582,0.3627,
3.3197,0.5167,1.0962,-0.088,0.6,0.6577,-0.0528,0.6033,0.3605,
3.3386,0.5374,1.0959,-0.4137,0.6,0.6576,-0.2482,0.6545,0.3603,
3.3593,0.5601,1.0791,-1.1289,0.6,0.6474,-0.6773,0.7032,0.3493,
3.3788,0.5808,1.0509,-1.2507,0.6,0.6305,-0.7504,0.7535,0.3313,
3.3987,0.6015,1.0299,-0.9002,0.6,0.6179,-0.5401,0.8055,0.3182,
3.4191,0.6223,1.0147,-0.9262,0.6,0.6088,-0.5557,0.8591,0.3089,
3.4396,0.643,0.992,-1.3913,0.6,0.5952,-0.8348,0.9092,0.2952,
3.459,0.6619,0.9595,-1.4959,0.6,0.5757,-0.8976,0.9607,0.2762,
3.4789,0.6807,0.9333,-1.5461,0.6,0.56,-0.9277,1.0136,0.2613,
3.4994,0.6996,0.8969,-1.9827,0.6,0.5381,-1.1896,1.0622,0.2413,
3.5189,0.7166,0.8542,-1.9959,0.6,0.5125,-1.1975,1.1119,0.2189,
3.5391,0.7335,0.8178,-1.9301,0.6,0.4907,-1.1581,1.157,0.2006,
3.558,0.7486,0.7789,-2.0341,0.6,0.4673,-1.2205,1.2029,0.182,
3.5779,0.7637,0.7389,-2.1407,0.6,0.4434,-1.2844,1.2497,0.1638,
3.5989,0.7788,0.6912,-2.3267,0.6,0.4147,-1.396,1.2912,0.1433,
3.6188,0.792,0.6438,-2.3567,0.6,0.3863,-1.414,1.3273,0.1243,
3.6369,0.8033,0.6016,-2.2206,0.6,0.361,-1.3323,1.3701,0.1086,
3.6597,0.8165,0.5535,-2.4481,0.6,0.3321,-1.4688,1.4009,0.0919,
3.6775,0.8259,0.5039,-2.7619,0.6,0.3024,-1.6572,1.4321,0.0762,
3.6973,0.8354,0.4497,-2.5093,0.6,0.2698,-1.5056,1.4636,0.0607,
3.7197,0.8448,0.3986,-2.8724,0.6,0.2391,-1.7234,1.4827,0.0477,
3.7348,0.8505,0.3463,-2.9818,0.6,0.2078,-1.7891,1.5083,0.036,
3.7586,0.858,0.2868,-3.0527,0.6,0.1721,-1.8316,1.5211,0.0247,
3.7733,0.8618,0.2338,-3.3253,0.6,0.1403,-1.9952,1.534,0.0164,
3.791,0.8655,0.1799,-2.9353,0.6,0.1079,-1.7612,1.547,0.0097,
3.8162,0.8693,0.1087,-3.5688,0.6,0.0652,-2.1413,1.5535,0.0035,
3.8447,0.8712,-0.0142,-3.8111,0.6,-0.0085,-2.2867,1.547,0.0001,
3.8647,0.8693,-0.0804,-2.0547,0.6,-0.0482,-1.2328,1.5405,0.0019,
3.8936,0.8674,-0.1035,-1.7642,0.6,-0.0621,-1.0585,1.5276,0.0032,
3.9198,0.8637,-0.175,-3.0843,0.6,-0.105,-1.8506,1.5147,0.0092,
3.938,0.8599,-0.2376,-2.9137,0.6,-0.1425,-1.7482,1.4954,0.0169,
3.9594,0.8542,-0.2887,-2.6439,0.6,-0.1732,-1.5864,1.4763,0.025,
3.9774,0.8486,-0.3409,-2.7378,0.6,-0.2046,-1.6427,1.451,0.0349,
3.9979,0.841,-0.3937,-2.6767,0.6,-0.2362,-1.606,1.4259,0.0465,
4.0159,0.8335,-0.4437,-2.4576,0.6,-0.2662,-1.4746,1.3885,0.0591,
4.0399,0.8222,-0.495,-2.2409,0.6,-0.297,-1.3445,1.3578,0.0735,
4.0582,0.8127,-0.5379,-2.1426,0.6,-0.3227,-1.2855,1.3213,0.0868,
4.0785,0.8014,-0.5773,-2.0419,0.6,-0.3464,-1.2251,1.2853,0.1,
4.0974,0.7901,-0.6178,-2.284,0.6,-0.3707,-1.3704,1.2438,0.1145,
4.1181,0.7769,-0.668,-2.2443,0.6,-0.4008,-1.3466,1.2029,0.1339,
4.137,0.7637,-0.707,-1.7474,0.6,-0.4242,-1.0484,1.157,0.15,
4.1581,0.7486,-0.7372,-1.6001,0.6,-0.4423,-0.96,1.1119,0.163,
4.178,0.7335,-0.7724,-1.7519,0.6,-0.4635,-1.0511,1.0622,0.179,
4.1995,0.7166,-0.8097,-1.7571,0.6,-0.4858,-1.0543,1.0136,0.1967,
4.2199,0.6996,-0.846,-1.4806,0.6,-0.5076,-0.8884,0.966,0.2147,
4.2397,0.6826,-0.8694,-1.242,0.6,-0.5216,-0.7452,0.9194,0.2268,
4.2589,0.6657,-0.8944,-1.3169,0.6,-0.5367,-0.7901,0.869,0.24,
4.2797,0.6468,-0.9221,-1.1139,0.6,-0.5533,-0.6683,0.8199,0.2551,
4.2999,0.6279,-0.9402,-0.8701,0.6,-0.5641,-0.5221,0.7722,0.2652,
4.3198,0.6091,-0.957,-0.9965,0.6,-0.5742,-0.5979,0.7258,0.2747,
4.3393,0.5902,-0.9794,-1.2349,0.6,-0.5876,-0.7409,0.6808,0.2877,
4.3583,0.5714,-1.0045,-0.9718,0.6,-0.6027,-0.5831,0.6329,0.3027,
4.3787,0.5506,-1.0172,-0.4338,0.6,-0.6103,-0.2603,0.5867,0.3104,
4.3991,0.5299,-1.0222,-0.3107,0.6,-0.6133,-0.1864,0.5422,0.3135,
4.4193,0.5091,-1.0298,-0.1906,0.6,-0.6179,-0.1144,0.4994,0.3181,
4.4394,0.4884,-1.0299,-0.1269,0.6,-0.6179,-0.0761,0.4582,0.3182,
4.4595,0.4677,-1.0349,-0.2544,0.6,-0.621,-0.1526,0.4188,0.3213,
4.4795,0.4469,-1.0401,0.1263,0.6,-0.6241,0.0758,0.3812,0.3245,
4.4994,0.4262,-1.0299,1.1288,0.6,-0.6179,0.6773,0.3452,0.3182,
4.5198,0.4054,-0.9943,1.8932,0.6,-0.5966,1.1359,0.314,0.2966,
4.5392,0.3866,-0.9547,1.7669,0.6,-0.5728,1.0601,0.2843,0.2734,
4.5593,0.3677,-0.9247,1.4067,0.6,-0.5548,0.844,0.2588,0.2565,
4.578,0.3507,-0.9,0.8855,0.6,-0.54,0.5313,0.2319,0.243,
4.5991,0.3319,-0.8905,0.4948,0.6,-0.5343,0.2969,0.2089,0.2379,
4.6182,0.3149,-0.8802,0.7812,0.6,-0.5281,0.4687,0.1847,0.2324,
4.6398,0.2961,-0.8581,1.4519,0.6,-0.5148,0.8711,0.1642,0.2209,
4.6599,0.2791,-0.8203,2.3298,0.6,-0.4922,1.3979,0.147,0.2018,
4.6789,0.264,-0.7675,2.5708,0.6,-0.4605,1.5425,0.1307,0.1767,
4.6993,0.2489,-0.7193,2.5385,0.6,-0.4316,1.5231,0.1172,0.1552,
4.7182,0.2357,-0.668,2.4151,0.6,-0.4008,1.4491,0.1045,0.1339,
4.7389,0.2225,-0.6242,2.0391,0.6,-0.3745,1.2234,0.0942,0.1169,
4.7574,0.2112,-0.5879,1.8911,0.6,-0.3527,1.1346,0.0844,0.1037,
4.7774,0.1999,-0.5515,1.6505,0.6,-0.3309,0.9903,0.0751,0.0913,
4.7984,0.1886,-0.5204,1.9653,0.6,-0.3122,1.1792,0.0678,0.0812,
4.8173,0.1791,-0.4741,2.4784,0.6,-0.2844,1.4871,0.0608,0.0674,
4.8384,0.1697,-0.4212,2.4705,0.6,-0.2527,1.4823,0.0556,0.0532,
4.8573,0.1622,-0.3752,2.4751,0.6,-0.2251,1.485,0.0505,0.0422,
4.8788,0.1546,-0.3211,2.6138,0.6,-0.1926,1.5683,0.0469,0.0309,
4.8982,0.149,-0.2685,2.7511,0.6,-0.1611,1.6507,0.0446,0.0216,
4.9135,0.1452,-0.2258,2.9034,0.6,-0.1355,1.7421,0.0423,0.0153,
4.9322,0.1414,-0.1694,3.5868,0.6,-0.1016,2.1521,0.04,0.0086,
4.9595,0.1377,-0.0559,2.8881,0.6,-0.0335,1.7329,0.0412,0.0009,
5.0353,0.1395,0.0668,2.7169,0.6,0.0401,1.6301,0.0423,0.0013,
5.0526,0.1414,0.1328,2.8522,0.6,0.0797,1.7113,0.0446,0.0053,
5.077,0.1452,0.1789,2.1707,0.6,0.1074,1.3024,0.0469,0.0096,
5.0958,0.149,0.225,2.2393,0.6,0.135,1.3436,0.0505,0.0152,
5.1184,0.1546,0.2708,1.9927,0.6,0.1625,1.1956,0.0543,0.022,
5.1378,0.1603,0.3088,2.0632,0.6,0.1853,1.2379,0.0582,0.0286,
5.1551,0.1659,0.3463,2.2027,0.6,0.2078,1.3216,0.0636,0.036,
5.1757,0.1735,0.3924,1.9906,0.6,0.2355,1.1944,0.0707,0.0462,
5.1983,0.1829,0.4318,1.8407,0.6,0.2591,1.1044,0.0781,0.0559,
5.2193,0.1923,0.4725,1.99,0.6,0.2835,1.194,0.086,0.067,
5.2384,0.2018,0.5115,1.8395,0.6,0.3069,1.1037,0.0958,0.0785,
5.2599,0.2131,0.5467,1.7282,0.6,0.328,1.0369,0.1063,0.0897,
5.2798,0.2244,0.5829,1.7111,0.6,0.3497,1.0267,0.1172,0.1019,
5.2987,0.2357,0.6132,1.5802,0.6,0.3679,0.9481,0.1307,0.1128,
5.3197,0.2489,0.6459,1.658,0.6,0.3876,0.9948,0.1449,0.1252,
5.3396,0.2621,0.6809,1.7524,0.6,0.4085,1.0514,0.1598,0.1391,
5.3585,0.2753,0.7139,1.5131,0.6,0.4284,0.9079,0.1777,0.1529,
5.3792,0.2904,0.7404,1.2968,0.6,0.4442,0.7781,0.1966,0.1644,
5.3993,0.3055,0.7668,1.3018,0.6,0.4601,0.7811,0.2164,0.1764,
5.4186,0.3206,0.7917,1.0456,0.6,0.475,0.6273,0.2398,0.188,
5.4397,0.3375,0.8086,0.7816,0.6,0.4851,0.4689,0.2616,0.1961,
5.4582,0.3526,0.8227,0.7933,0.6,0.4936,0.476,0.2872,0.2031,
5.4787,0.3696,0.8396,0.6622,0.6,0.5038,0.3973,0.314,0.2115,
5.4987,0.3866,0.8496,0.358,0.6,0.5098,0.2148,0.342,0.2166,
5.5186,0.4035,0.8539,0.3378,0.6,0.5123,0.2027,0.3712,0.2188,
5.5384,0.4205,0.863,0.2834,0.6,0.5178,0.17,0.4015,0.2234,
5.558,0.4375,0.8651,-0.2053,0.6,0.5191,-0.1232,0.433,0.2245,
5.5777,0.4545,0.8549,-0.4774,0.6,0.5129,-0.2864,0.4693,0.2193,
5.5999,0.4733,0.8452,-0.4643,0.6,0.5071,-0.2786,0.4994,0.2143,
5.6178,0.4884,0.8364,-0.5775,0.6,0.5019,-0.3465,0.5343,0.2099,
5.6383,0.5054,0.8228,-0.5926,0.6,0.4937,-0.3555,0.5703,0.2031,
5.659,0.5223,0.812,-0.5577,0.6,0.4872,-0.3346,0.6033,0.1978,
5.6777,0.5374,0.8009,-0.6823,0.6,0.4806,-0.4094,0.6415,0.1925,
5.6991,0.5544,0.7844,-0.9881,0.6,0.4706,-0.5928,0.6764,0.1846,
5.7186,0.5695,0.7609,-1.2437,0.6,0.4566,-0.7462,0.7122,0.1737,
5.7388,0.5846,0.735,-1.1842,0.6,0.441,-0.7105,0.7488,0.1621,
5.7597,0.5997,0.7123,-1.3303,0.6,0.4274,-0.7982,0.7816,0.1522,
5.7785,0.6129,0.6827,-1.3576,0.6,0.4096,-0.8146,0.8151,0.1398,
5.7984,0.6261,0.66,-1.2644,0.6,0.396,-0.7586,0.8492,0.1307,
5.8185,0.6393,0.6321,-1.7048,0.6,0.3793,-1.0229,0.879,0.1199,
5.8371,0.6506,0.5945,-1.6121,0.6,0.3567,-0.9672,0.9143,0.106,
5.8598,0.6638,0.5672,-1.5984,0.6,0.3403,-0.959,0.94,0.0965,
5.8768,0.6732,0.5333,-1.8039,0.6,0.32,-1.0823,0.9712,0.0853,
5.8988,0.6845,0.4978,-1.7248,0.6,0.2987,-1.0349,0.9976,0.0744,
5.9183,0.6939,0.462,-1.9342,0.6,0.2772,-1.1605,1.0243,0.064,
5.9398,0.7034,0.4183,-2.09,0.6,0.251,-1.254,1.0459,0.0525,
5.9588,0.7109,0.3775,-2.1448,0.6,0.2265,-1.2869,1.0677,0.0427,
5.9799,0.7185,0.3323,-2.2423,0.6,0.1994,-1.3454,1.0842,0.0331,
5.9983,0.7241,0.2892,-2.1496,0.6,0.1735,-1.2897,1.1008,0.0251,
6.0191,0.7298,0.2485,-2.2886,0.6,0.1491,-1.3732,1.1119,0.0185,
6.0357,0.7335,0.205,-2.3472,0.6,0.123,-1.4083,1.1231,0.0126,
6.056,0.7373,0.1629,-2.1245,0.6,0.0978,-1.2747,1.1288,0.008,
6.0697,0.7392,0.1331,-3.7722,0.6,0.0799,-2.2633,1.1344,0.0053,
6.0846,0.7411,0.0531,-3.3729,0.6,0.0319,-2.0237,1.1288,0.0008,
6.1738,0.7392,-0.0697,-2.6697,0.6,-0.0418,-1.6018,1.1231,0.0015,
6.1899,0.7373,-0.1335,-2.6755,0.6,-0.0801,-1.6053,1.1119,0.0053,
6.2154,0.7335,-0.1689,-1.7987,0.6,-0.1013,-1.0792,1.1008,0.0086,
6.235,0.7298,-0.2122,-2.0467,0.6,-0.1273,-1.228,1.0842,0.0135,
6.2592,0.7241,-0.2578,-1.9121,0.6,-0.1547,-1.1473,1.0677,0.0199,
6.2792,0.7185,-0.2966,-1.9151,0.6,-0.178,-1.149,1.0513,0.0264,
6.2974,0.7128,-0.331,-1.8823,0.6,-0.1986,-1.1294,1.0297,0.0329,
6.3189,0.7053,-0.3713,-1.8154,0.6,-0.2228,-1.0893,1.0082,0.0414,
6.3382,0.6977,-0.4052,-1.6921,0.6,-0.2431,-1.0153,0.987,0.0493,
6.3562,0.6902,-0.4345,-1.5353,0.6,-0.2607,-0.9212,0.9607,0.0566,
6.3772,0.6807,-0.4648,-1.4981,0.6,-0.2789,-0.8988,0.9348,0.0648,
6.3969,0.6713,-0.4954,-1.4698,0.6,-0.2972,-0.8819,0.9042,0.0736,
6.4189,0.66,-0.5259,-1.3027,0.6,-0.3155,-0.7816,0.874,0.083,
6.4399,0.6487,-0.5515,-1.2795,0.6,-0.3309,-0.7677,0.8443,0.0913,
6.4599,0.6374,-0.5783,-1.4292,0.6,-0.347,-0.8575,0.8151,0.1003,
6.479,0.6261,-0.6073,-1.3876,0.6,-0.3644,-0.8325,0.7864,0.1106,
6.4973,0.6147,-0.6303,-0.9593,0.6,-0.3782,-0.5756,0.7535,0.1192,
6.518,0.6015,-0.644,-0.8137,0.6,-0.3864,-0.4882,0.7213,0.1244,
6.5383,0.5883,-0.6636,-0.9674,0.6,-0.3982,-0.5804,0.6897,0.1321,
6.5578,0.5751,-0.6825,-0.9043,0.6,-0.4095,-0.5426,0.6545,0.1397,
6.5796,0.5601,-0.7008,-0.8386,0.6,-0.4205,-0.5032,0.6244,0.1473,
6.5981,0.5469,-0.7163,-0.6499,0.6,-0.4298,-0.3899,0.5909,0.1539,
6.6191,0.5318,-0.726,-0.5052,0.6,-0.4356,-0.3031,0.5582,0.1581,
6.6397,0.5167,-0.7373,-0.5299,0.6,-0.4424,-0.3179,0.5303,0.1631,
6.6575,0.5035,-0.7464,-0.283,0.6,-0.4478,-0.1698,0.4994,0.1671,
6.6776,0.4884,-0.7475,-0.0742,0.6,-0.4485,-0.0445,0.4693,0.1676,
6.6979,0.4733,-0.7494,-0.3293,0.6,-0.4497,-0.1976,0.4401,0.1685,
6.7179,0.4582,-0.7607,-0.3206,0.6,-0.4564,-0.1923,0.4119,0.1736,
6.7376,0.4431,-0.7622,-0.0381,0.6,-0.4573,-0.0228,0.3812,0.1743,
6.7599,0.4262,-0.7622,0.0381,0.6,-0.4573,0.0228,0.3548,0.1743,
6.7796,0.4111,-0.7607,0.4006,0.6,-0.4564,0.2403,0.3294,0.1736,
6.7996,0.396,-0.7462,0.6698,0.6,-0.4477,0.4019,0.308,0.1671,
6.8175,0.3828,-0.7352,1.1252,0.6,-0.4411,0.6751,0.2843,0.1622,
6.8381,0.3677,-0.7015,1.6581,0.6,-0.4209,0.9948,0.2644,0.1476,
6.8578,0.3545,-0.6684,1.2896,0.6,-0.401,0.7738,0.2452,0.134,
6.8776,0.3413,-0.6506,0.8702,0.6,-0.3904,0.5221,0.2267,0.127,
6.8984,0.3281,-0.6331,0.6264,0.6,-0.3799,0.3758,0.2089,0.1202,
6.9193,0.3149,-0.6245,0.7932,0.6,-0.3747,0.4759,0.1942,0.117,
6.9376,0.3036,-0.603,1.3791,0.6,-0.3618,0.8275,0.18,0.1091,
6.9568,0.2923,-0.5726,1.5675,0.6,-0.3436,0.9405,0.1664,0.0984,
6.9771,0.281,-0.5411,1.6968,0.6,-0.3247,1.0181,0.1533,0.0878,
6.9986,0.2697,-0.5015,2.0767,0.6,-0.3009,1.246,0.1428,0.0754,
7.0185,0.2602,-0.4555,2.2512,0.6,-0.2733,1.3507,0.1347,0.0622,
7.0358,0.2527,-0.4176,1.824,0.6,-0.2506,1.0944,0.1248,0.0523,
7.0592,0.2433,-0.3835,2.0299,0.6,-0.2301,1.2179,0.1191,0.0441,
7.0748,0.2376,-0.3429,1.9466,0.6,-0.2058,1.1679,0.1117,0.0353,
7.0982,0.2301,-0.3127,1.4982,0.6,-0.1876,0.8989,0.1063,0.0293,
7.1169,0.2244,-0.2808,2.5489,0.6,-0.1685,1.5293,0.1027,0.0237,
7.1317,0.2206,-0.2306,2.289,0.6,-0.1383,1.3734,0.0976,0.0159,
7.1591,0.215,-0.1981,2.2496,0.6,-0.1189,1.3498,0.0958,0.0118,
7.169,0.2131,-0.1653,2.6055,0.6,-0.0992,1.5633,0.0925,0.0082,
7.1964,0.2093,-0.1133,2.8563,0.6,-0.068,1.7138,0.0908,0.0039,
7.218,0.2074,-0.0309,2.475,0.6,-0.0185,1.485,0.0925,0.0003,
7.2905,0.2093,0.0514,1.4708,0.6,0.0308,0.8825,0.0942,0.0008,
7.3153,0.2112,0.0962,1.9459,0.6,0.0577,1.1675,0.0958,0.0028,
7.3317,0.2131,0.1304,1.6362,0.6,0.0783,0.9817,0.0993,0.0051,
7.3579,0.2169,0.1615,1.3868,0.6,0.0969,0.8321,0.1027,0.0078,
7.3787,0.2206,0.1945,1.621,0.6,0.1167,0.9726,0.1063,0.0113,
7.3967,0.2244,0.2243,1.3997,0.6,0.1346,0.8398,0.1099,0.0151,
7.4127,0.2282,0.2426,1.2821,0.6,0.1456,0.7692,0.1154,0.0177,
7.4353,0.2338,0.2747,1.6361,0.6,0.1648,0.9817,0.121,0.0226,
7.4542,0.2395,0.3097,1.5107,0.6,0.1858,0.9064,0.1287,0.0288,
7.4778,0.247,0.3373,1.3007,0.6,0.2024,0.7804,0.1367,0.0341,
7.4991,0.2546,0.3678,1.3978,0.6,0.2207,0.8387,0.1449,0.0406,
7.5189,0.2621,0.3948,1.3899,0.6,0.2369,0.834,0.1533,0.0468,
7.5374,0.2697,0.421,1.231,0.6,0.2526,0.7386,0.1642,0.0532,
7.5592,0.2791,0.4438,1.1103,0.6,0.2663,0.6662,0.1754,0.0591,
7.5798,0.2885,0.468,1.2455,0.6,0.2808,0.7473,0.187,0.0657,
7.5994,0.2979,0.4938,1.209,0.6,0.2963,0.7254,0.199,0.0732,
7.6181,0.3074,0.5144,0.8158,0.6,0.3086,0.4895,0.2139,0.0794,
7.6398,0.3187,0.5259,0.6944,0.6,0.3155,0.4166,0.2267,0.083,
7.6575,0.3281,0.5411,0.8782,0.6,0.3247,0.5269,0.2425,0.0879,
7.678,0.3394,0.5595,0.9061,0.6,0.3357,0.5436,0.2588,0.0939,
7.6979,0.3507,0.5777,0.9805,0.6,0.3466,0.5883,0.2757,0.1001,
7.7173,0.3621,0.598,0.7144,0.6,0.3588,0.4287,0.296,0.1073,
7.739,0.3753,0.6063,0.3062,0.6,0.3638,0.1837,0.314,0.1103,
7.7577,0.3866,0.6106,0.3486,0.6,0.3663,0.2092,0.3357,0.1118,
7.7791,0.3998,0.6206,0.3552,0.6,0.3723,0.2131,0.3548,0.1155,
7.7972,0.4111,0.625,0.1358,0.6,0.375,0.0815,0.3778,0.1172,
7.8183,0.4243,0.6256,-0.0829,0.6,0.3754,-0.0498,0.4015,0.1174,
7.8394,0.4375,0.6215,-0.2556,0.6,0.3729,-0.1534,0.4223,0.1159,
7.8577,0.4488,0.6157,-0.3492,0.6,0.3694,-0.2095,0.4473,0.1137,
7.8792,0.462,0.6075,-0.446,0.6,0.3645,-0.2676,0.4693,0.1107,
7.898,0.4733,0.5979,-0.579,0.6,0.3587,-0.3474,0.4918,0.1072,
7.917,0.4846,0.5856,-0.5224,0.6,0.3513,-0.3134,0.5186,0.1029,
7.9399,0.4978,0.5765,-0.3186,0.6,0.3459,-0.1912,0.5422,0.0997,
7.9595,0.5091,0.5718,-0.5701,0.6,0.3431,-0.3421,0.5663,0.0981,
7.9796,0.5205,0.5537,-0.9416,0.6,0.3322,-0.565,0.5867,0.092,
7.997,0.5299,0.5366,-0.8381,0.6,0.322,-0.5028,0.6117,0.0864,
8.0182,0.5412,0.5219,-0.882,0.6,0.3132,-0.5292,0.6329,0.0817,
8.0366,0.5506,0.5022,-0.9283,0.6,0.3013,-0.557,0.6589,0.0756,
8.0595,0.5619,0.4842,-1.013,0.6,0.2905,-0.6078,0.6808,0.0703,
8.0795,0.5714,0.4594,-1.4395,0.6,0.2756,-0.8637,0.6987,0.0633,
8.0964,0.5789,0.4317,-1.3307,0.6,0.259,-0.7984,0.7213,0.0559,
8.1188,0.5883,0.4088,-1.2153,0.6,0.2453,-0.7292,0.7396,0.0501,
8.1379,0.5959,0.3819,-1.2115,0.6,0.2291,-0.7269,0.7581,0.0437,
8.1584,0.6034,0.3611,-1.3229,0.6,0.2166,-0.7938,0.7722,0.0391,
8.1744,0.6091,0.335,-1.6043,0.6,0.201,-0.9626,0.7911,0.0337,
8.1983,0.6166,0.2973,-1.4907,0.6,0.1784,-0.8944,0.8055,0.0265,
8.2186,0.6223,0.2688,-1.4385,0.6,0.1613,-0.8631,0.8151,0.0217,
8.2334,0.6261,0.247,-1.3594,0.6,0.1482,-0.8156,0.8296,0.0183,
8.257,0.6317,0.2176,-1.5708,0.6,0.1306,-0.9425,0.8394,0.0142,
8.2762,0.6355,0.1812,-1.8635,0.6,0.1087,-1.1181,0.8492,0.0099,
8.2993,0.6393,0.1389,-1.5885,0.6,0.0833,-0.9531,0.8541,0.0058,
8.3152,0.6411,0.1175,-1.4198,0.6,0.0705,-0.8519,0.8591,0.0041,
8.3308,0.643,0.0942,-2.0819,0.6,0.0565,-1.2491,0.864,0.0027,
8.3593,0.6449,0.0181,-1.8504,0.6,0.0108,-1.1102,0.8591,0.0001,
8.4215,0.643,-0.046,-1.1156,0.6,-0.0276,-0.6694,0.8541,0.0006,
8.4524,0.6411,-0.0831,-1.6439,0.6,-0.0498,-0.9864,0.8492,0.0021,
8.4696,0.6393,-0.119,-1.3506,0.6,-0.0714,-0.8104,0.8394,0.0042,
8.4981,0.6355,-0.1365,-1.2151,0.6,-0.0819,-0.7291,0.8345,0.0056,
8.5117,0.6336,-0.1612,-1.848,0.6,-0.0967,-1.1088,0.8248,0.0078,
8.5325,0.6298,-0.2003,-1.4594,0.6,-0.1202,-0.8756,0.8103,0.012,
8.5582,0.6242,-0.227,-1.1219,0.6,-0.1362,-0.6732,0.8007,0.0155,
8.5743,0.6204,-0.2464,-1.2128,0.6,-0.1478,-0.7277,0.7864,0.0182,
8.5965,0.6147,-0.2735,-1.1699,0.6,-0.1641,-0.702,0.7722,0.0224,
8.6158,0.6091,-0.2951,-1.1464,0.6,-0.177,-0.6879,0.7581,0.0261,
8.6348,0.6034,-0.3174,-1.2587,0.6,-0.1904,-0.7552,0.7396,0.0302,
8.6572,0.5959,-0.3475,-1.1482,0.6,-0.2085,-0.6889,0.7213,0.0362,
8.6783,0.5883,-0.3676,-0.9613,0.6,-0.2206,-0.5768,0.7032,0.0405,
8.6983,0.5808,-0.387,-1.0861,0.6,-0.2322,-0.6516,0.6853,0.0449,
8.7171,0.5733,-0.4096,-0.9307,0.6,-0.2458,-0.5584,0.6632,0.0503,
8.7397,0.5638,-0.4245,-0.7496,0.6,-0.2547,-0.4498,0.6458,0.0541,
8.7572,0.5563,-0.4392,-0.8913,0.6,-0.2635,-0.5348,0.6244,0.0579,
8.7781,0.5469,-0.4589,-0.7496,0.6,-0.2753,-0.4498,0.6033,0.0632,
8.7984,0.5374,-0.4702,-0.4542,0.6,-0.2821,-0.2725,0.5826,0.0663,
8.8183,0.528,-0.4772,-0.4631,0.6,-0.2863,-0.2778,0.5622,0.0683,
8.8378,0.5186,-0.4884,-0.5216,0.6,-0.2931,-0.3129,0.5422,0.0716,
8.857,0.5091,-0.4974,-0.5375,0.6,-0.2984,-0.3225,0.5186,0.0742,
8.8796,0.4978,-0.5111,-0.4281,0.6,-0.3067,-0.2569,0.4994,0.0784,
8.8976,0.4884,-0.5156,-0.0282,0.6,-0.3094,-0.0169,0.4767,0.0798,
8.9198,0.4771,-0.5113,-0.1928,0.6,-0.3068,-0.1157,0.4582,0.0784,
8.9381,0.4677,-0.5219,-0.4943,0.6,-0.3132,-0.2966,0.4365,0.0817,
8.9596,0.4563,-0.5307,-0.1369,0.6,-0.3184,-0.0821,0.4188,0.0845,
8.9773,0.4469,-0.5283,0.1027,0.6,-0.317,0.0616,0.3981,0.0837,
8.9988,0.4356,-0.5268,0.0349,0.6,-0.3161,0.0209,0.3812,0.0833,
9.0166,0.4262,-0.5268,0.0302,0.6,-0.3161,0.0181,0.3613,0.0833,
9.0381,0.4149,-0.5255,0.1362,0.6,-0.3153,0.0817,0.342,0.0828,
9.0598,0.4035,-0.5209,0.3423,0.6,-0.3125,0.2054,0.3263,0.0814,
9.078,0.3941,-0.5123,0.4876,0.6,-0.3074,0.2926,0.311,0.0787,
9.0965,0.3847,-0.503,0.313,0.6,-0.3018,0.1878,0.2931,0.0759,
9.1192,0.3734,-0.5002,0.4902,0.6,-0.3001,0.2941,0.2786,0.0751,
9.1381,0.3639,-0.484,0.8617,0.6,-0.2904,0.517,0.2644,0.0703,
9.1583,0.3545,-0.4665,0.7317,0.6,-0.2799,0.439,0.2506,0.0653,
9.1784,0.3451,-0.4545,0.6624,0.6,-0.2727,0.3974,0.2371,0.062,
9.1997,0.3357,-0.439,0.7001,0.6,-0.2634,0.42,0.2267,0.0578,
9.2171,0.3281,-0.4273,0.7451,0.6,-0.2564,0.4471,0.2139,0.0548,
9.2396,0.3187,-0.4089,0.972,0.6,-0.2453,0.5832,0.2039,0.0502,
9.2586,0.3111,-0.3875,1.1657,0.6,-0.2325,0.6994,0.1942,0.045,
9.2786,0.3036,-0.3634,1.1982,0.6,-0.2181,0.7189,0.187,0.0396,
9.2948,0.2979,-0.3441,1.0867,0.6,-0.2065,0.652,0.1777,0.0355,
9.3171,0.2904,-0.3222,1.1937,0.6,-0.1933,0.7162,0.1709,0.0311,
9.3356,0.2847,-0.2962,1.355,0.6,-0.1777,0.813,0.1642,0.0263,
9.3553,0.2791,-0.2705,1.3122,0.6,-0.1623,0.7873,0.1576,0.022,
9.3775,0.2734,-0.2412,1.4252,0.6,-0.1447,0.8551,0.1533,0.0175,
9.3939,0.2697,-0.2161,1.4201,0.6,-0.1296,0.8521,0.1491,0.014,
9.4123,0.2659,-0.192,1.3325,0.6,-0.1152,0.7995,0.1449,0.0111,
9.4337,0.2621,-0.163,1.8924,0.6,-0.0978,1.1354,0.1428,0.008,
9.4465,0.2602,-0.1319,1.8317,0.6,-0.0791,1.099,0.1387,0.0052,
9.4786,0.2565,-0.0923,1.9398,0.6,-0.0554,1.1639,0.1367,0.0026,
9.506,0.2546,-0.0198,1.8081,0.6,-0.0119,1.0849,0.1387,0.0001,
9.5699,0.2565,0.0422,0.938,0.6,0.0253,0.5628,0.1408,0.0005,
9.6028,0.2583,0.072,1.19,0.6,0.0432,0.714,0.1428,0.0016,
9.6241,0.2602,0.1034,1.1953,0.6,0.0621,0.7172,0.147,0.0032,
9.6564,0.264,0.133,1.3488,0.6,0.0798,0.8093,0.1491,0.0053,
9.6692,0.2659,0.1558,1.2426,0.6,0.0935,0.7455,0.1533,0.0073,
9.6925,0.2697,0.1722,0.8715,0.6,0.1033,0.5229,0.1576,0.0089,
9.7129,0.2734,0.1934,1.1737,0.6,0.116,0.7042,0.162,0.0112,
9.7314,0.2772,0.2176,1.0391,0.6,0.1306,0.6235,0.1686,0.0142,
9.7562,0.2829,0.2367,0.8373,0.6,0.142,0.5024,0.1754,0.0168,
9.7792,0.2885,0.2575,1.195,0.6,0.1545,0.717,0.18,0.0199,
9.7932,0.2923,0.2783,1.0147,0.6,0.167,0.6088,0.1894,0.0232,
9.8195,0.2998,0.2926,0.7534,0.6,0.1756,0.4521,0.1966,0.0257,
9.8385,0.3055,0.3109,0.9816,0.6,0.1866,0.5889,0.2039,0.029,
9.8559,0.3111,0.3283,0.6938,0.6,0.197,0.4163,0.2139,0.0323,
9.8786,0.3187,0.3371,0.6029,0.6,0.2023,0.3618,0.2215,0.0341,
9.8951,0.3243,0.3506,0.8115,0.6,0.2104,0.4869,0.2319,0.0369,
9.9161,0.3319,0.3675,0.7482,0.6,0.2205,0.4489,0.2425,0.0405,
9.9362,0.3394,0.3814,0.7355,0.6,0.2289,0.4413,0.2533,0.0436,
9.9557,0.347,0.3966,0.6043,0.6,0.238,0.3626,0.2672,0.0472,
9.979,0.3564,0.4066,0.4414,0.6,0.244,0.2648,0.2786,0.0496,
9.9973,0.3639,0.4149,0.3621,0.6,0.2489,0.2173,0.2902,0.0516,
10.0154,0.3715,0.4198,0.2827,0.6,0.2519,0.1696,0.305,0.0529,
10.0378,0.3809,0.4264,0.4031,0.6,0.2558,0.2418,0.3202,0.0545,
10.0595,0.3903,0.4375,0.3749,0.6,0.2625,0.225,0.3326,0.0574,
10.0767,0.3979,0.4416,0.138,0.6,0.265,0.0828,0.3484,0.0585,
10.098,0.4073,0.4424,0.0848,0.6,0.2654,0.0509,0.3646,0.0587,
10.1192,0.4167,0.4452,0.0984,0.6,0.2671,0.059,0.3778,0.0595,
10.1362,0.4243,0.4463,-0.0127,0.6,0.2678,-0.0076,0.3947,0.0597,
10.1573,0.4337,0.4444,-0.1158,0.6,0.2667,-0.0695,0.4119,0.0593,
10.1785,0.4431,0.4414,-0.3887,0.6,0.2648,-0.2332,0.4259,0.0584,
10.1958,0.4507,0.4304,-0.5085,0.6,0.2582,-0.3051,0.4437,0.0556,
10.2181,0.4601,0.4219,-0.2934,0.6,0.2531,-0.176,0.4582,0.0534,
10.2361,0.4677,0.4182,-0.3605,0.6,0.2509,-0.2163,0.4767,0.0525,
10.2588,0.4771,0.4065,-0.4731,0.6,0.2439,-0.2839,0.4918,0.0496,
10.2776,0.4846,0.3984,-0.5034,0.6,0.2391,-0.302,0.507,0.0476,
10.2967,0.4922,0.3874,-0.6523,0.6,0.2324,-0.3914,0.5225,0.045,
10.3166,0.4997,0.3729,-0.7818,0.6,0.2237,-0.4691,0.5382,0.0417,
10.3372,0.5073,0.3557,-0.7782,0.6,0.2134,-0.4669,0.5542,0.038,
10.3591,0.5148,0.3399,-0.7453,0.6,0.2039,-0.4472,0.5663,0.0347,
10.376,0.5205,0.3269,-0.7791,0.6,0.1961,-0.4675,0.5826,0.0321,
10.3997,0.528,0.3082,-0.9287,0.6,0.1849,-0.5572,0.595,0.0285,
10.4187,0.5337,0.2879,-0.9554,0.6,0.1728,-0.5732,0.6075,0.0249,
10.439,0.5393,0.2708,-0.9876,0.6,0.1625,-0.5926,0.6159,0.022,
10.4533,0.5431,0.2546,-1.0251,0.6,0.1528,-0.6151,0.6287,0.0194,
10.4763,0.5487,0.2335,-1.0175,0.6,0.1401,-0.6105,0.6372,0.0164,
10.4933,0.5525,0.2145,-1.0507,0.6,0.1287,-0.6304,0.6458,0.0138,
10.5118,0.5563,0.1963,-1.0732,0.6,0.1178,-0.6439,0.6545,0.0116,
10.5321,0.5601,0.1727,-1.0898,0.6,0.1036,-0.6539,0.6632,0.0089,
10.5555,0.5638,0.1489,-1.0858,0.6,0.0893,-0.6515,0.6676,0.0067,
10.5691,0.5657,0.1332,-1.1839,0.6,0.0799,-0.7103,0.672,0.0053,
10.5841,0.5676,0.115,-1.1909,0.6,0.069,-0.7145,0.6764,0.004,
10.6025,0.5695,0.0935,-1.9014,0.6,0.0561,-1.1409,0.6808,0.0026,
10.6252,0.5714,0.0337,-1.6654,0.6,0.0202,-0.9993,0.6764,0.0003,
10.7415,0.5695,-0.0473,-1.1713,0.6,-0.0284,-0.7028,0.672,0.0007,
10.7658,0.5676,-0.0873,-1.4017,0.6,-0.0524,-0.841,0.6676,0.0023,
10.7855,0.5657,-0.1101,-0.8881,0.6,-0.0661,-0.5329,0.6589,0.0036,
10.8162,0.5619,-0.1291,-0.9774,0.6,-0.0774,-0.5864,0.6545,0.005,
10.8296,0.5601,-0.147,-1.1574,0.6,-0.0882,-0.6944,0.6458,0.0065,
10.8534,0.5563,-0.1703,-0.9704,0.6,-0.1022,-0.5823,0.6372,0.0087,
10.8744,0.5525,-0.1905,-0.902,0.6,-0.1143,-0.5412,0.6287,0.0109,
10.8934,0.5487,-0.2065,-0.7214,0.6,-0.1239,-0.4329,0.6159,0.0128,
10.9197,0.5431,-0.2223,-0.8156,0.6,-0.1334,-0.4894,0.6075,0.0148,
10.9361,0.5393,-0.2392,-0.8104,0.6,-0.1435,-0.4862,0.595,0.0172,
10.9588,0.5337,-0.2526,-0.7611,0.6,-0.1516,-0.4567,0.5867,0.0191,
10.9735,0.5299,-0.2663,-0.7569,0.6,-0.1598,-0.4541,0.5744,0.0213,
10.9943,0.5242,-0.2784,-0.6697,0.6,-0.1671,-0.4018,0.5622,0.0233,
11.0141,0.5186,-0.2934,-0.5608,0.6,-0.176,-0.3365,0.5462,0.0258,
11.0391,0.511,-0.3025,-0.6578,0.6,-0.1815,-0.3947,0.5343,0.0275,
11.0577,0.5054,-0.3202,-0.8687,0.6,-0.1921,-0.5212,0.5225,0.0308,
11.0745,0.4997,-0.3334,-0.3929,0.6,-0.2,-0.2357,0.507,0.0333,
11.0974,0.4922,-0.3334,-0.1094,0.6,-0.2,-0.0656,0.4918,0.0333,
11.1198,0.4846,-0.3383,-0.3232,0.6,-0.203,-0.1939,0.4805,0.0343,
11.1364,0.479,-0.3454,-0.4441,0.6,-0.2073,-0.2665,0.4656,0.0358,
11.1579,0.4714,-0.3553,-0.4136,0.6,-0.2132,-0.2481,0.4509,0.0379,
11.1789,0.4639,-0.363,-0.3217,0.6,-0.2178,-0.193,0.4365,0.0395,
11.1995,0.4563,-0.3687,-0.2568,0.6,-0.2212,-0.1541,0.4259,0.0408,
11.2147,0.4507,-0.3723,-0.1555,0.6,-0.2234,-0.0933,0.4119,0.0416,
11.2349,0.4431,-0.3738,-0.0198,0.6,-0.2243,-0.0119,0.3981,0.0419,
11.2551,0.4356,-0.3731,-0.0452,0.6,-0.2239,-0.0271,0.3845,0.0418,
11.2751,0.4281,-0.3756,-0.0402,0.6,-0.2254,-0.0241,0.3712,0.0423,
11.2953,0.4205,-0.3747,0.0223,0.6,-0.2248,0.0134,0.3581,0.0421,
11.3154,0.413,-0.3747,0.1114,0.6,-0.2248,0.0668,0.3452,0.0421,
11.3356,0.4054,-0.3702,0.2861,0.6,-0.2221,0.1717,0.3326,0.0411,
11.3562,0.3979,-0.363,0.3176,0.6,-0.2178,0.1906,0.3202,0.0395,
11.3772,0.3903,-0.357,0.3119,0.6,-0.2142,0.1871,0.308,0.0382,
11.3985,0.3828,-0.3498,0.4556,0.6,-0.2099,0.2734,0.299,0.0367,
11.4149,0.3771,-0.3404,0.3088,0.6,-0.2043,0.1853,0.2872,0.0348,
11.4374,0.3696,-0.3394,0.298,0.6,-0.2036,0.1788,0.2786,0.0346,
11.4539,0.3639,-0.3303,0.8031,0.6,-0.1982,0.4818,0.2672,0.0327,
11.4777,0.3564,-0.3052,0.8097,0.6,-0.1831,0.4858,0.2588,0.0279,
11.497,0.3507,-0.2943,0.5442,0.6,-0.1766,0.3265,0.2506,0.026,
11.5161,0.3451,-0.2843,0.6289,0.6,-0.1706,0.3774,0.2425,0.0242,
11.5368,0.3394,-0.2691,0.6841,0.6,-0.1615,0.4104,0.2345,0.0217,
11.5581,0.3338,-0.2556,0.9019,0.6,-0.1534,0.5411,0.2293,0.0196,
11.5734,0.33,-0.2377,0.9993,0.6,-0.1426,0.5996,0.2215,0.017,
11.5985,0.3243,-0.2169,0.8641,0.6,-0.1301,0.5184,0.2164,0.0141,
11.6164,0.3206,-0.2008,0.8651,0.6,-0.1205,0.5191,0.2114,0.0121,
11.6359,0.3168,-0.1846,0.7044,0.6,-0.1108,0.4226,0.2064,0.0102,
11.6577,0.313,-0.172,1.1327,0.6,-0.1032,0.6796,0.2039,0.0089,
11.6689,0.3111,-0.1531,1.4009,0.6,-0.0919,0.8406,0.199,0.007,
11.696,0.3074,-0.1229,1.0514,0.6,-0.0737,0.6309,0.1966,0.0045,
11.7134,0.3055,-0.1057,1.0211,0.6,-0.0634,0.6127,0.1942,0.0034,
11.732,0.3036,-0.0861,1.632,0.6,-0.0517,0.9792,0.1918,0.0022,
11.7591,0.3017,-0.0262,1.4019,0.6,-0.0157,0.8411,0.1942,0.0002,
11.8661,0.3036,0.0373,0.7848,0.6,0.0224,0.4709,0.1966,0.0004,
11.8995,0.3055,0.0699,0.8417,0.6,0.042,0.505,0.199,0.0015,
11.9224,0.3074,0.0861,0.6847,0.6,0.0517,0.4108,0.2015,0.0022,
11.9437,0.3093,0.1002,0.6943,0.6,0.0601,0.4166,0.2064,0.003,
11.977,0.313,0.1244,0.9177,0.6,0.0746,0.5506,0.2089,0.0046,
11.9908,0.3149,0.1397,0.6663,0.6,0.0838,0.3998,0.2139,0.0059,
12.0176,0.3187,0.1457,0.5017,0.6,0.0874,0.301,0.2164,0.0064,
12.0303,0.3206,0.1556,0.7216,0.6,0.0934,0.433,0.2215,0.0073,
12.0532,0.3243,0.1708,0.6921,0.6,0.1025,0.4152,0.2267,0.0088,
12.0743,0.3281,0.186,0.638,0.6,0.1116,0.3828,0.2319,0.0104,
12.0941,0.3319,0.197,0.5916,0.6,0.1182,0.355,0.2371,0.0116,
12.1129,0.3357,0.2088,0.5446,0.6,0.1253,0.3268,0.2452,0.0131,
12.1389,0.3413,0.2208,0.5165,0.6,0.1325,0.3099,0.2506,0.0146,
12.1557,0.3451,0.2304,0.3968,0.6,0.1382,0.2381,0.2561,0.0159,
12.1719,0.3489,0.234,0.4278,0.6,0.1404,0.2567,0.2644,0.0164,
12.1959,0.3545,0.2492,0.5702,0.6,0.1495,0.3421,0.2728,0.0186,
12.2174,0.3602,0.2601,0.1121,0.6,0.1561,0.0673,0.2786,0.0203,
12.2319,0.3639,0.256,0.1627,0.6,0.1536,0.0976,0.2872,0.0197,
12.2541,0.3696,0.2695,0.4748,0.6,0.1617,0.2849,0.296,0.0218,
12.2743,0.3753,0.2764,0.2046,0.6,0.1658,0.1228,0.305,0.0229,
12.295,0.3809,0.2778,0.1863,0.6,0.1667,0.1118,0.314,0.0231,
12.315,0.3866,0.2839,0.2257,0.6,0.1703,0.1354,0.3232,0.0242,
12.3348,0.3922,0.2868,0.0911,0.6,0.1721,0.0547,0.3326,0.0247,
12.3544,0.3979,0.2875,0.0661,0.6,0.1725,0.0396,0.342,0.0248,
12.3741,0.4035,0.2894,0.0773,0.6,0.1737,0.0464,0.3548,0.0251,
12.3999,0.4111,0.2909,0.0778,0.6,0.1745,0.0467,0.3646,0.0254,
12.4194,0.4167,0.2928,0.0775,0.6,0.1757,0.0465,0.3745,0.0257,
12.4385,0.4224,0.2939,-0.1514,0.6,0.1763,-0.0908,0.3845,0.0259,
12.4582,0.4281,0.2868,-0.198,0.6,0.1721,-0.1188,0.3947,0.0247,
12.4779,0.4337,0.2861,-0.1743,0.6,0.1716,-0.1046,0.4049,0.0246,
12.4977,0.4394,0.2799,-0.2439,0.6,0.1679,-0.1464,0.4153,0.0235,
12.5183,0.445,0.2763,-0.1613,0.6,0.1658,-0.0968,0.4259,0.0229,
12.5386,0.4507,0.2733,-0.5529,0.6,0.164,-0.3317,0.433,0.0224,
12.5529,0.4545,0.2596,-0.5808,0.6,0.1557,-0.3485,0.4437,0.0202,
12.575,0.4601,0.2551,-0.2505,0.6,0.153,-0.1503,0.4546,0.0195,
12.5972,0.4658,0.2485,-0.6292,0.6,0.1491,-0.3775,0.4619,0.0185,
12.6126,0.4695,0.2337,-0.5801,0.6,0.1402,-0.3481,0.473,0.0164,
12.6377,0.4752,0.2287,-0.4087,0.6,0.1372,-0.2452,0.4805,0.0157,
12.6542,0.479,0.2185,-0.661,0.6,0.1311,-0.3966,0.488,0.0143,
12.6721,0.4827,0.2059,-0.6577,0.6,0.1235,-0.3946,0.4994,0.0127,
12.6999,0.4884,0.1889,-0.9103,0.6,0.1133,-0.5462,0.5032,0.0107,
12.7109,0.4903,0.1756,-0.7618,0.6,0.1053,-0.4571,0.5109,0.0092,
12.7322,0.4941,0.1689,-0.1293,0.6,0.1014,-0.0776,0.5186,0.0086,
12.7554,0.4978,0.1702,-0.4291,0.6,0.1021,-0.2575,0.5225,0.0087,
12.7659,0.4997,0.1606,-1.1084,0.6,0.0964,-0.6651,0.5303,0.0077,
12.793,0.5035,0.1253,-0.8461,0.6,0.0752,-0.5076,0.5343,0.0047,
12.8102,0.5054,0.1186,-0.6081,0.6,0.0711,-0.3649,0.5382,0.0042,
12.8252,0.5073,0.1062,-0.88,0.6,0.0637,-0.528,0.5422,0.0034,
12.8462,0.5091,0.0866,-0.7939,0.6,0.052,-0.4763,0.5462,0.0023,
12.8679,0.511,0.0724,-1.1088,0.6,0.0434,-0.6653,0.5502,0.0016,
12.9011,0.5129,0.0205,-1.0149,0.6,0.0123,-0.6089,0.5462,0.0001,
13.0175,0.511,-0.0338,-0.6281,0.6,-0.0203,-0.3769,0.5422,0.0003,
13.0546,0.5091,-0.0631,-0.8532,0.6,-0.0379,-0.5119,0.5382,0.0012,
13.0786,0.5073,-0.0851,-0.615,0.6,-0.0511,-0.369,0.5303,0.0022,
13.1185,0.5035,-0.0976,-0.7698,0.6,-0.0586,-0.4619,0.5264,0.0029,
13.1375,0.5016,-0.1209,-1.2176,0.6,-0.0725,-0.7306,0.5225,0.0044,
13.1509,0.4997,-0.1371,-0.4006,0.6,-0.0823,-0.2404,0.5147,0.0056,
13.1796,0.4959,-0.1254,-0.1712,0.6,-0.0752,-0.1027,0.5109,0.0047,
13.1948,0.4941,-0.1368,-1.0301,0.6,-0.0821,-0.6181,0.5032,0.0056,
13.2193,0.4903,-0.1689,-0.9484,0.6,-0.1013,-0.569,0.4994,0.0086,
13.2297,0.4884,-0.175,-0.1853,0.6,-0.105,-0.1112,0.4918,0.0092,
13.2524,0.4846,-0.1701,-0.114,0.6,-0.1021,-0.0684,0.4842,0.0087,
13.2738,0.4809,-0.1796,-0.5406,0.6,-0.1078,-0.3244,0.4767,0.0097,
13.2942,0.4771,-0.1926,-0.5123,0.6,-0.1156,-0.3074,0.4693,0.0111,
13.3133,0.4733,-0.2,-0.236,0.6,-0.12,-0.1416,0.4619,0.012,
13.3322,0.4695,-0.2016,-0.1707,0.6,-0.121,-0.1024,0.4546,0.0122,
13.3505,0.4658,-0.2063,-0.3,0.6,-0.1238,-0.18,0.4437,0.0128,
13.3776,0.4601,-0.2156,-0.3722,0.6,-0.1294,-0.2233,0.4365,0.0139,
13.3948,0.4563,-0.2225,-0.3086,0.6,-0.1335,-0.1851,0.4259,0.0148,
13.4198,0.4507,-0.2279,-0.2452,0.6,-0.1367,-0.1471,0.4188,0.0156,
13.4362,0.4469,-0.2324,-0.1188,0.6,-0.1395,-0.0713,0.4119,0.0162,
13.4525,0.4431,-0.2318,-0.0104,0.6,-0.1391,-0.0062,0.4015,0.0161,
13.4768,0.4375,-0.2332,-0.1686,0.6,-0.1399,-0.1011,0.3947,0.0163,
13.4929,0.4337,-0.2377,-0.1974,0.6,-0.1426,-0.1185,0.3845,0.0169,
13.5163,0.4281,-0.2404,-0.0704,0.6,-0.1443,-0.0422,0.3745,0.0173,
13.5399,0.4224,-0.241,0.1455,0.6,-0.1446,0.0873,0.3679,0.0174,
13.5557,0.4186,-0.236,0.1892,0.6,-0.1416,0.1135,0.3581,0.0167,
13.5799,0.413,-0.2345,-0.0159,0.6,-0.1407,-0.0095,0.3516,0.0165,
13.5959,0.4092,-0.236,0.1753,0.6,-0.1416,0.1052,0.3452,0.0167,
13.6121,0.4054,-0.2288,0.3178,0.6,-0.1373,0.1907,0.3357,0.0157,
13.6372,0.3998,-0.224,0.1282,0.6,-0.1344,0.0769,0.3294,0.0151,
13.6541,0.396,-0.2229,0.2738,0.6,-0.1337,0.1643,0.3232,0.0149,
13.6713,0.3922,-0.2146,0.3751,0.6,-0.1287,0.2251,0.314,0.0138,
13.6982,0.3866,-0.2074,0.2181,0.6,-0.1244,0.1308,0.308,0.0129,
13.7166,0.3828,-0.2043,0.3316,0.6,-0.1226,0.1989,0.302,0.0125,
13.7354,0.379,-0.195,0.4605,0.6,-0.117,0.2763,0.296,0.0114,
13.7551,0.3753,-0.1866,0.3376,0.6,-0.112,0.2026,0.2902,0.0104,
13.7756,0.3715,-0.1815,0.344,0.6,-0.1089,0.2064,0.2843,0.0099,
13.797,0.3677,-0.1721,0.7569,0.6,-0.1033,0.4541,0.2786,0.0089,
13.8198,0.3639,-0.1476,0.9123,0.6,-0.0886,0.5474,0.2757,0.0065,
13.8338,0.3621,-0.1371,0.103,0.6,-0.0822,0.0618,0.27,0.0056,
13.8599,0.3583,-0.1513,0.4139,0.6,-0.0908,0.2484,0.2672,0.0069,
13.872,0.3564,-0.1347,1.0439,0.6,-0.0808,0.6264,0.2644,0.0054,
13.8889,0.3545,-0.1226,0.6167,0.6,-0.0736,0.37,0.2616,0.0045,
13.9032,0.3526,-0.1152,0.7305,0.6,-0.0691,0.4383,0.2588,0.004,
13.9227,0.3507,-0.0968,0.7499,0.6,-0.0581,0.4499,0.2561,0.0028,
13.9414,0.3489,-0.0864,0.5865,0.6,-0.0519,0.3519,0.2533,0.0022,
13.9662,0.347,-0.0711,0.6895,0.6,-0.0426,0.4137,0.2506,0.0015,
13.9952,0.3451,-0.049,0.8495,0.6,-0.0294,0.5097,0.2479,0.0007,
14.0538,0.3432,0.0059,0.8216,0.6,0.0036,0.4929,0.2506,0,
14.0967,0.3451,0.0362,0.3863,0.6,0.0217,0.2318,0.2533,0.0004,
14.1645,0.347,0.0407,0.2495,0.6,0.0244,0.1497,0.2561,0.0005,
14.2001,0.3489,0.0561,0.4581,0.6,0.0337,0.2749,0.2588,0.0009,
14.2307,0.3507,0.0709,0.4645,0.6,0.0425,0.2787,0.2616,0.0015,
14.2536,0.3526,0.0811,0.4769,0.6,0.0486,0.2861,0.2644,0.002,
14.2776,0.3545,0.0933,0.418,0.6,0.056,0.2508,0.2672,0.0026,
14.2953,0.3564,0.0991,0.3959,0.6,0.0595,0.2375,0.27,0.0029,
14.3162,0.3583,0.1088,0.3754,0.6,0.0653,0.2252,0.2728,0.0036,
14.3312,0.3602,0.1131,0.2559,0.6,0.0678,0.1535,0.2757,0.0038,
14.3503,0.3621,0.1174,0.6163,0.6,0.0704,0.3698,0.2786,0.0041,
14.3636,0.3639,0.1308,0.3659,0.6,0.0785,0.2195,0.2843,0.0051,
14.3937,0.3677,0.1225,0.0809,0.6,0.0735,0.0485,0.2872,0.0045,
14.4097,0.3696,0.1295,0.5361,0.6,0.0777,0.3217,0.2931,0.005,
14.4368,0.3734,0.1467,0.3617,0.6,0.088,0.217,0.296,0.0065,
14.4492,0.3753,0.1478,-0.0018,0.6,0.0887,-0.0011,0.302,0.0066,
14.4752,0.379,0.1454,0.2273,0.6,0.0872,0.1364,0.305,0.0063,
14.488,0.3809,0.1524,0.3681,0.6,0.0914,0.2209,0.311,0.007,
14.5123,0.3847,0.157,0.0283,0.6,0.0942,0.017,0.3171,0.0074,
14.5364,0.3885,0.1538,0.0044,0.6,0.0923,0.0027,0.3202,0.0071,
14.5484,0.3903,0.1555,0.2319,0.6,0.0933,0.1391,0.3263,0.0073,
14.572,0.3941,0.1631,0.2154,0.6,0.0979,0.1292,0.3326,0.008,
14.595,0.3979,0.1656,-0.0854,0.6,0.0993,-0.0512,0.3389,0.0082,
14.6179,0.4017,0.1592,-0.1228,0.6,0.0955,-0.0737,0.342,0.0076,
14.6297,0.4035,0.1596,0.1792,0.6,0.0958,0.1075,0.3484,0.0076,
14.6525,0.4073,0.167,0.1711,0.6,0.1002,0.1027,0.3548,0.0084,
14.6752,0.4111,0.1674,-0.141,0.6,0.1004,-0.0846,0.3613,0.0084,
14.6979,0.4149,0.1606,-0.2395,0.6,0.0964,-0.1437,0.3646,0.0077,
14.7096,0.4167,0.1585,0.0154,0.6,0.0951,0.0092,0.3712,0.0075,
14.7329,0.4205,0.1634,0.0836,0.6,0.0981,0.0502,0.3778,0.008,
14.7561,0.4243,0.1624,-0.1932,0.6,0.0974,-0.1159,0.3845,0.0079,
14.7797,0.4281,0.1543,-0.3192,0.6,0.0926,-0.1915,0.3879,0.0071,
14.7919,0.4299,0.1507,-0.0524,0.6,0.0904,-0.0314,0.3947,0.0068,
14.8166,0.4337,0.1554,-0.0949,0.6,0.0933,-0.057,0.3981,0.0072,
14.8287,0.4356,0.1508,-0.384,0.6,0.0905,-0.2304,0.4049,0.0068,
14.855,0.4394,0.1406,-0.4493,0.6,0.0844,-0.2696,0.4084,0.0059,
14.8689,0.4413,0.1335,-0.2466,0.6,0.0801,-0.148,0.4153,0.0053,
14.8973,0.445,0.134,-0.2521,0.6,0.0804,-0.1512,0.4188,0.0054,
14.9111,0.4469,0.1268,-0.456,0.6,0.0761,-0.2736,0.4223,0.0048,
14.9275,0.4488,0.1204,-0.3103,0.6,0.0723,-0.1862,0.4259,0.0044,
14.9427,0.4507,0.1169,-0.3587,0.6,0.0702,-0.2152,0.433,0.0041,
14.9776,0.4545,0.0999,-0.3875,0.6,0.0599,-0.2325,0.4365,0.003,
14.9974,0.4563,0.0942,-0.2645,0.6,0.0565,-0.1587,0.4401,0.0027,
15.0169,0.4582,0.0895,-0.3201,0.6,0.0537,-0.1921,0.4437,0.0024,
15.0402,0.4601,0.0802,-0.4133,0.6,0.0481,-0.248,0.4473,0.0019,
15.0643,0.462,0.0699,-0.4172,0.6,0.0419,-0.2503,0.4509,0.0015,
15.0955,0.4639,0.0572,-0.4599,0.6,0.0343,-0.2759,0.4546,0.001,
15.131,0.4658,0.039,-0.5657,0.6,0.0234,-0.3394,0.4582,0.0005,
15.2089,0.4677,-0.0092,-0.5678,0.6,-0.0055,-0.3407,0.4546,0,
15.2532,0.4658,-0.0321,-0.2635,0.6,-0.0192,-0.1581,0.4509,0.0003,
15.3425,0.4639,-0.033,-0.1827,0.6,-0.0198,-0.1096,0.4473,0.0003,
15.385,0.462,-0.0481,-0.3253,0.6,-0.0289,-0.1952,0.4437,0.0007,
15.4219,0.4601,-0.059,-0.298,0.6,-0.0354,-0.1788,0.4401,0.001,
15.4505,0.4582,-0.0676,-0.2464,0.6,-0.0406,-0.1478,0.4365,0.0014,
15.4781,0.4563,-0.0729,-0.2199,0.6,-0.0437,-0.132,0.433,0.0016,
15.5015,0.4545,-0.0787,-0.2722,0.6,-0.0472,-0.1633,0.4294,0.0019,
15.5251,0.4526,-0.0857,-0.2464,0.6,-0.0514,-0.1478,0.4259,0.0022,
15.546,0.4507,-0.0898,-0.2359,0.6,-0.0539,-0.1416,0.4223,0.0024,
15.5674,0.4488,-0.0957,-0.2162,0.6,-0.0574,-0.1297,0.4188,0.0028,
15.5859,0.4469,-0.0986,-0.1829,0.6,-0.0592,-0.1097,0.4153,0.0029,
15.606,0.445,-0.1028,-0.277,0.6,-0.0617,-0.1662,0.4119,0.0032,
15.6231,0.4431,-0.1087,-0.1682,0.6,-0.0652,-0.1009,0.4049,0.0035,
15.6579,0.4394,-0.1084,-0.1643,0.6,-0.065,-0.0986,0.4015,0.0035,
15.6751,0.4375,-0.1142,-0.1997,0.6,-0.0685,-0.1198,0.3981,0.0039,
15.6912,0.4356,-0.1152,-0.0577,0.6,-0.0691,-0.0346,0.3947,0.004,
15.7081,0.4337,-0.1161,-0.0503,0.6,-0.0697,-0.0302,0.3879,0.004,
15.7398,0.4299,-0.1176,-0.0301,0.6,-0.0706,-0.018,0.3845,0.0042,
15.7554,0.4281,-0.1178,-0.0602,0.6,-0.0707,-0.0361,0.3812,0.0042,
15.7712,0.4262,-0.1195,-0.0475,0.6,-0.0717,-0.0285,0.3778,0.0043,
15.7872,0.4243,-0.1193,-0.0568,0.6,-0.0716,-0.0341,0.3712,0.0043,
15.8189,0.4205,-0.1233,0.0636,0.6,-0.074,0.0381,0.3679,0.0046,
15.8339,0.4186,-0.1195,0.2805,0.6,-0.0717,0.1683,0.3646,0.0043,
15.8508,0.4167,-0.1143,0.1151,0.6,-0.0686,0.0691,0.3613,0.0039,
15.8663,0.4149,-0.1155,-0.01,0.6,-0.0693,-0.006,0.3548,0.004,
15.8994,0.4111,-0.1136,0.1293,0.6,-0.0682,0.0776,0.3516,0.0039,
15.9163,0.4092,-0.1102,0.146,0.6,-0.0661,0.0876,0.3484,0.0036,
15.9339,0.4073,-0.1086,0.146,0.6,-0.0651,0.0876,0.3452,0.0035,
15.9513,0.4054,-0.1051,0.2575,0.6,-0.0631,0.1545,0.342,0.0033,
15.9701,0.4035,-0.0992,0.2596,0.6,-0.0595,0.1558,0.3389,0.003,
15.9886,0.4017,-0.0954,0.1421,0.6,-0.0573,0.0853,0.3357,0.0027,
16.0089,0.3998,-0.0938,0.1483,0.6,-0.0563,0.089,0.3326,0.0026,
16.0291,0.3979,-0.0894,0.2562,0.6,-0.0537,0.1537,0.3294,0.0024,
16.0515,0.396,-0.0828,0.2601,0.6,-0.0497,0.1561,0.3263,0.0021,
16.075,0.3941,-0.0775,0.2632,0.6,-0.0465,0.1579,0.3232,0.0018,
16.1006,0.3922,-0.0698,0.3222,0.6,-0.0419,0.1933,0.3202,0.0015,
16.1297,0.3903,-0.0598,0.3274,0.6,-0.0359,0.1964,0.3171,0.0011,
16.1628,0.3885,-0.0495,0.3047,0.6,-0.0297,0.1828,0.314,0.0007,
16.2054,0.3866,-0.0368,0.3792,0.6,-0.0221,0.2275,0.311,0.0004,
16.271,0.3847,-0.0066,0.3215,0.6,-0.004,0.1929,0.314,0,
16.3915,0.3866,0.0154,0.1063,0.6,0.0092,0.0638,0.3171,0.0001,
16.5178,0.3885,0.0192,0.0713,0.6,0.0115,0.0428,0.3202,0.0001,
16.5951,0.3903,0.0279,0.1128,0.6,0.0167,0.0677,0.3232,0.0002,
16.6535,0.3922,0.0345,0.1007,0.6,0.0207,0.0604,0.3263,0.0004,
16.7055,0.3941,0.0391,0.0869,0.6,0.0234,0.0521,0.3294,0.0005,
16.7512,0.396,0.043,0.0649,0.6,0.0258,0.0389,0.3326,0.0006,
16.794,0.3979,0.0449,0.0521,0.6,0.027,0.0313,0.3357,0.0006,
16.8358,0.3998,0.0474,0.0273,0.6,0.0284,0.0164,0.3389,0.0007,
16.8743,0.4017,0.0472,0.0074,0.6,0.0283,0.0045,0.342,0.0007,
16.9142,0.4035,0.048,0.0301,0.6,0.0288,0.0181,0.3452,0.0007,
16.9515,0.4054,0.0495,0.0151,0.6,0.0297,0.009,0.3484,0.0007,
16.9911,0.4073,0.0491,-0.0051,0.6,0.0295,-0.003,0.3516,0.0007,
17.0289,0.4092,0.0491,-0.0152,0.6,0.0295,-0.0091,0.3548,0.0007,
17.0685,0.4111,0.0479,-0.0265,0.6,0.0287,-0.0159,0.3581,0.0007,
17.1083,0.413,0.047,-0.0576,0.6,0.0282,-0.0346,0.3613,0.0007,
17.1493,0.4149,0.0432,-0.0731,0.6,0.0259,-0.0438,0.3646,0.0006,
17.1942,0.4167,0.0408,-0.0661,0.6,0.0245,-0.0397,0.3679,0.0005,
17.2399,0.4186,0.0372,-0.0902,0.6,0.0223,-0.0541,0.3712,0.0004,
17.2979,0.4205,0.0313,-0.1027,0.6,0.0188,-0.0616,0.3745,0.0003,
17.3615,0.4224,0.0247,-0.149,0.6,0.0148,-0.0894,0.3778,0.0002,
17.4588,0.4243,0.0058,,0.6,0.0035,,0.3745,0,
17.6973,0.4224,,,,,,,,
